{
    "install": "messages/install.txt",
    "1.0.0": "messages/1.0.0.txt",
    "1.1.0": "messages/1.1.0.txt",
    "1.2.0": "messages/1.2.0.txt",
    "1.2.1": "messages/1.2.1.txt",
    "1.2.2": "messages/1.2.2.txt",
    "st2-1.2.3": "messages/st2-1.2.3.txt",
    "st2-1.3.0": "messages/st2-1.3.0.txt",
    "st3-3.0.0": "messages/st3-3.0.0.txt",
    "st3-3.0.1": "messages/st3-3.0.1.txt",
    "st3-3.0.2": "messages/st3-3.0.2.txt",
    "st3-3.1.0": "messages/st3-3.1.0.txt",
    "st3-3.2.0": "messages/st3-3.2.0.txt",
    "st3-3.3.0": "messages/st3-3.3.0.txt",
    "st3-4.0.0": "messages/st3-4.0.0.txt",
    "st3-4.1.0": "messages/st3-4.1.0.txt",
    "st3-5.0.0": "messages/st3-5.0.0.txt",
    "st3-5.1.0": "messages/st3-5.1.0.txt",
    "st3-5.1.1": "messages/st3-5.1.1.txt",
    "st3-5.1.2": "messages/st3-5.1.2.txt",
    "st3-6.0.0": "messages/st3-6.0.0.txt",
    "st3-6.0.1": "messages/st3-6.0.1.txt",
    "st3-6.1.0": "messages/st3-6.1.0.txt",
    "st3-6.2.0": "messages/st3-6.2.0.txt",
    "st3-6.3.0": "messages/st3-6.3.0.txt"
}
