{
    "0.6.1":  "CHANGELOG.txt",
    "0.6.2":  "CHANGELOG.txt",
    "0.6.3":  "CHANGELOG.txt",
    "0.6.4":  "CHANGELOG.txt",
    "0.6.5":  "CHANGELOG.txt",
    "0.6.6":  "CHANGELOG.txt",
    "0.6.7":  "CHANGELOG.txt",
    "0.6.8":  "CHANGELOG.txt",
    "0.7.0":  "CHANGELOG.txt",
    "0.11.1": "CHANGELOG.txt",
    "0.12.0": "CHANGELOG.txt",
    "0.12.1": "CHANGELOG.txt",
    "0.13.0": "CHANGELOG.txt",
    "0.13.1": "CHANGELOG.txt",
    "0.13.2": "CHANGELOG.txt",
    "0.13.3": "CHANGELOG.txt",
    "0.13.4": "CHANGELOG.txt",
    "0.14.0": "CHANGELOG-0.14.x.txt",
    "0.15.0": "CHANGELOG-0.15.x.txt"
}
